<?xml version="1.0" encoding="utf-8" ?><dwsync><file name="kønsneutralitet-kampagne.html" server="linux236.unoeuro.com" local="3626881873" remote="3627978540" Dst="-1" /><file name="byg-sweetbot.html" server="linux236.unoeuro.com" local="3627320710" remote="3627978540" Dst="-1" /><file name="rejsemesse-plakatserie.html" server="linux236.unoeuro.com" local="3626881001" remote="3627978540" Dst="-1" /><file name="lifted.html" server="linux236.unoeuro.com" local="3626874757" remote="3627978540" Dst="-1" /><file name="portfolio-eksamen.html" server="linux236.unoeuro.com" local="3627281995" remote="3627978540" Dst="-1" /><file name="patriciabarrett-visuelidentitet.html" server="linux236.unoeuro.com" local="3626882498" remote="3627978540" Dst="-1" /><file name="byg-en-app.html" server="linux236.unoeuro.com" local="3627320845" remote="3627978540" Dst="-1" /><file name="illustrationer.html" server="linux236.unoeuro.com" local="3626882211" remote="3627978540" Dst="-1" /><file name="geometric-mag.html" server="linux236.unoeuro.com" local="3626880861" remote="3627978540" Dst="-1" /><file name="drøm_din_portfolio.html" server="linux236.unoeuro.com" local="3626874242" remote="3627978540" Dst="-1" /><file name="byg-din-portfolio.html" server="linux236.unoeuro.com" local="3626874321" remote="3627978540" Dst="-1" /><file name="topdanmark.html" server="linux236.unoeuro.com" local="3626880829" remote="3627978540" Dst="-1" /></dwsync>