<?xml version="1.0" encoding="utf-8" ?><dwsync><file name="sweetbot-wireframe.png" server="linux236.unoeuro.com" local="3627292982" remote="3627978540" Dst="-1" /><file name="portfolio-wireframe.png" server="linux236.unoeuro.com" local="3627673731" remote="3627978540" Dst="-1" /><file name="branding-icon.png" server="linux236.unoeuro.com" local="3627674051" remote="3627978540" Dst="-1" /><file name="vejrapp-sitemap.png" server="linux236.unoeuro.com" local="3627286306" remote="3627978540" Dst="-1" /><file name="trykogprint-icon.png" server="linux236.unoeuro.com" local="3627674051" remote="3627978540" Dst="-1" /><file name="portfolio-sitemap.png" server="linux236.unoeuro.com" local="3627673248" remote="3627978540" Dst="-1" /><file name="portfolio-workflow.png" server="linux236.unoeuro.com" local="3627673248" remote="3627978540" Dst="-1" /><file name="sweetbot-sitemap.png" server="linux236.unoeuro.com" local="3627287063" remote="3627978540" Dst="-1" /><file name="webdesign-icon.png" server="linux236.unoeuro.com" local="3627674051" remote="3627978540" Dst="-1" /><file name="vejrapp-wireframe_flow.png" server="linux236.unoeuro.com" local="3627239514" remote="3627978540" Dst="-1" /></dwsync>