<?xml version="1.0" encoding="utf-8" ?><dwsync><file name="forside-billede.jpg" server="linux236.unoeuro.com" local="3627915819" remote="3627978480" Dst="-1" /><file name="forside-billede.png" server="linux236.unoeuro.com" local="3627916175" remote="3627978480" Dst="-1" /><file name="vejrapp-mockup.jpg" server="linux236.unoeuro.com" local="3627224271" remote="3627978480" Dst="-1" /><file name="dyretegninge-mockup.jpg" server="linux236.unoeuro.com" local="3626882331" remote="3627978480" Dst="-1" /><file name="mockup-plakat-tokyo.jpg" server="linux236.unoeuro.com" local="3626609028" remote="3627978480" Dst="-1" /><file name="kønsneutralitet-kampagne-mockup.jpg" server="linux236.unoeuro.com" local="3626882072" remote="3627978480" Dst="-1" /><file name="mockup-plakat-dubai.jpg" server="linux236.unoeuro.com" local="3626608221" remote="3627978540" Dst="-1" /><file name="_notdone.png" server="linux236.unoeuro.com" local="3627840108" remote="3627978540" Dst="-1" /><file name="mockup-plakat-paris.jpg" server="linux236.unoeuro.com" local="3626610090" remote="3627978540" Dst="-1" /><file name="Artboard 1.png" server="linux236.unoeuro.com" local="3627839448" remote="3627978540" Dst="-1" /><file name="vejrapp-mockup1.jpg" server="linux236.unoeuro.com" local="3627234622" remote="3627978540" Dst="-1" /><file name="selfportrait-notdone.png" server="linux236.unoeuro.com" local="3627839186" remote="3627978540" Dst="-1" /><file name="selfportrait.png" server="linux236.unoeuro.com" local="3627038322" remote="3627978540" Dst="-1" /><file name="selfportrait.jpg" server="linux236.unoeuro.com" local="3627029572" remote="3627978540" Dst="-1" /><file name="selfportrait-notdone.psd" server="linux236.unoeuro.com" local="3627839171" remote="3627978540" Dst="-1" /><file name="geometric_mag_mockup.png" server="linux236.unoeuro.com" local="3626881343" remote="3627978540" Dst="-1" /></dwsync>